n_poses,position_mean,position_std,position_min,position_max,position_median,orientation_mean,orientation_std,orientation_min,orientation_max,orientation_median,combined_mean,combined_std,combined_min,combined_max,combined_median,skill_name,n_demos
297,0.09107830038683098,0.04901963340990536,0.0025623220029193984,0.21104830289611592,0.08801362890676438,0.33771941858908344,0.1920027303124182,0.001108468103104822,1.105376082518751,0.3088016905858527,0.12485024224573933,0.0609370082904726,0.004966866223603799,0.27157644951107707,0.12654833749005948,close_the_top_drawer_of_the_cabinet,99
297,0.11336053265889239,0.07630493638466156,0.00024959691405980917,0.2754855360275539,0.1218472695458248,0.4420616730816565,0.22142854491327973,0.00020120368452898282,1.0168628635422854,0.4591977570233705,0.15756669996705805,0.09361539447051248,0.0005873203263868261,0.35323509141119147,0.16693008838364956,put_the_black_bowl_in_the_top_drawer_of_the_cabinet,99
111,0.058204699445244035,0.04526988693638761,0.0014252539860498436,0.1890774221195718,0.04490807403070929,0.2850681208175512,0.12983037860692337,0.0009771790179499815,0.7577975802552184,0.2820641177618633,0.08671151152699914,0.049206475102229315,0.002169094997518692,0.24282126800591364,0.0746600819086489,open_the_bottom_drawer_of_the_cabinet,37
288,0.03317269376450056,0.019276061407597363,0.0008266499825425428,0.1630567717168775,0.029623421070274873,0.18653697567501615,0.1032675046320643,0.0003572809037268883,0.6312850755349145,0.16798315133714997,0.05182639133200217,0.022607870656209936,0.002954282005267755,0.19732255355332443,0.04854830369216615,open_the_top_drawer_of_the_cabinet,96
270,0.09420315400782563,0.053787725600244495,0.00040173766853051084,0.2049390169657931,0.09311276960777896,0.5064337177645718,0.2743143812879272,0.0010944420434373945,1.6544299429104932,0.512179264052743,0.14484652578428284,0.07638299644491921,0.0010313782442150105,0.32441025806479296,0.14646628985965843,put_the_black_bowl_on_the_plate,90
444,0.09022526491894135,0.04744280953981796,0.00022845020836405113,0.222546106350785,0.08945755279846887,1.1135122201506946,0.8229137335858165,0.0010853330332176209,2.97354399937487,0.6596433903961074,0.20157648693401084,0.10135866541011912,0.0008008575207062747,0.4375982068893647,0.21046526563249646,put_the_black_bowl_on_top_of_the_cabinet,148
138,0.044735048500336314,0.02025722666649723,0.00041985835107632443,0.12382520790948143,0.04295060516723085,0.2583377830104244,0.11227715339370721,0.0008160981082517775,0.682079201938437,0.2503472374352634,0.07056882680137876,0.02425997559915745,0.0008247096455820391,0.16748648073551983,0.06864290366466072,put_the_black_bowl_at_the_back_on_the_plate,46
129,0.04612671626625743,0.02262835471649241,0.0015816502000357462,0.1470512709308333,0.042736070711110685,0.29644148805405424,0.1371878533829485,0.0003033389011823701,0.7794247687185653,0.28808255492853563,0.07577086507166285,0.026620147553939513,0.0018828955012117204,0.18102908776925822,0.07364991262471923,put_the_black_bowl_at_the_front_on_the_plate,43
147,0.04218219028583321,0.01889883676141343,0.0012289249400306188,0.12451955450229348,0.04047767586932987,0.1695071062368841,0.08032324099531292,0.002630515744497523,0.5039112410649034,0.16557015241617865,0.05913290090952163,0.020823755985217744,0.004412232548517834,0.13954447291263197,0.057369884353776705,put_the_middle_black_bowl_on_the_plate,49
144,0.04858715603330343,0.022107261228468907,0.001927911082960069,0.1371450667699499,0.04667714339274874,0.2680586907378639,0.13117332490266229,0.0003752741676955738,0.8010314606014043,0.25748782235141243,0.07539302510708981,0.02620142641824442,0.003975931581999811,0.1731452573844195,0.07421742613216097,put_the_middle_black_bowl_on_top_of_the_cabinet,48
144,0.048348921286117265,0.022237424331902025,0.0006128117298211949,0.1564237970855358,0.04584629745316631,0.3169959470389014,0.1526849044771161,0.0005362653972170366,0.9515602056194036,0.30249891347331437,0.0800485159900074,0.027844493873154966,0.0013973785615419144,0.19728400137031868,0.07789959140679587,stack_the_black_bowl_at_the_front_on_the_black_bowl_in_the_middle,48
129,0.04433389668607478,0.020493157814877528,0.002081930597794704,0.13534998543979632,0.042016732935518844,0.2370300482658252,0.10673395508681495,0.0009340080753755226,0.6061697920191145,0.23200962566391625,0.06803690151265729,0.022177130236187153,0.005890199873796039,0.15022378021373672,0.06690039717215268,stack_the_middle_black_bowl_on_the_back_black_bowl,43
135,0.04073602297981733,0.020395081194462594,0.00012247552605305911,0.1304353129457539,0.037792173855180834,0.3594008504109992,0.1687381619141117,0.001143973652592141,1.0424526954591788,0.34260817717059067,0.07667610802091725,0.02863280454226822,0.0005621079006619522,0.1668100435525877,0.07468311478892015,put_the_frying_pan_on_the_stove,45
141,0.04122194229499919,0.01919062782327099,0.0005972694477285739,0.10577683255620865,0.03931159752196095,0.39538739364647796,0.2319469432285684,0.0010553815332906779,1.376701266314644,0.3470161526948742,0.08076068165964698,0.030299033180320255,0.0017083466698618601,0.1876625216634875,0.0782412059988678,put_the_moka_pot_on_the_stove,47
297,0.06874113579889568,0.039891844074267886,2.3819690290487064e-05,0.1530216586929129,0.07813547219915976,0.2464884935255446,0.13049263120671342,0.00021538408985134912,0.9666420173394172,0.22944832805193827,0.09338998515145017,0.043033315046976876,0.00018704875554441145,0.1942077293784932,0.10075222387631656,turn_on_the_stove,99
141,0.0896369675096919,0.05214104074004606,0.0007896677490542078,0.27056110228636515,0.07705164792762251,0.8455243216466419,0.527572440578816,0.016388295556043975,2.9409619264835825,0.717392150597043,0.1741893996743561,0.09707118174221065,0.003281835403731108,0.5305975534464185,0.14834454884838236,close_the_bottom_drawer_of_the_cabinet,47
141,0.04298541601989462,0.023547840964082068,0.0003420368696149204,0.17218475916982512,0.038745491340575755,0.3607109993475814,0.2036229547833957,0.00035667338045185617,1.2535054846596017,0.32261011322967226,0.07905651595465275,0.03081404952509772,0.00047828707363430686,0.2175905069100178,0.07548426386901749,put_the_black_bowl_in_the_bottom_drawer_of_the_cabinet,47
135,0.03878096154919173,0.017941031875880996,0.0011234800577183837,0.12845799633551225,0.036505196078292924,0.29256640784230453,0.17066257198568563,0.0009181684429300551,1.020677030717683,0.25923508198339595,0.0680376023334222,0.02605993816631291,0.0016796535642100985,0.1824697475055553,0.06546502198478722,put_the_wine_bottle_in_the_bottom_drawer_of_the_cabinet,45
114,0.040391189470756705,0.018583415022269015,0.00012763984889546987,0.11567649351457082,0.03877713864811641,0.46753668672104104,0.23834061895830133,0.00022232492387213738,1.3632646397461017,0.43022723350976744,0.08714485814286081,0.03173620025888873,0.0002917002231589995,0.1806427012768598,0.0834846333396556,put_the_wine_bottle_on_the_wine_rack,38
129,0.03961137329271241,0.01743860647231111,0.00019604951062735155,0.11739622198883884,0.03922943514386587,0.6407262705814696,0.38746923553818813,0.0002822021943015318,2.073631844347349,0.5660317278844285,0.10368400035085935,0.04215743582172202,0.0006312710450896013,0.26246057983190857,0.09860602898391424,put_the_ketchup_in_the_top_drawer_of_the_cabinet,43
144,0.04527177384857593,0.021844664069621537,0.0018034180105577639,0.15780773394374348,0.042201333634007035,0.3466665804592605,0.17179257348424343,0.00034232923775564085,0.8982583180331591,0.3270754749574257,0.07993843189450199,0.027992500302327254,0.003558619730053695,0.20916745943583373,0.07832556918599039,close_the_microwave,48
147,0.04548419367113684,0.028472173985602964,0.0005030577373789659,0.18290170262717062,0.03813605336096955,0.222075688145062,0.11540275874239435,0.0004360305684816775,0.6934158176936575,0.21145239044097208,0.06769176248564306,0.032564810910751446,0.003605382049442894,0.19748340242501122,0.06053446305095657,open_the_microwave,49
126,0.03823307497505133,0.01790646244806196,0.00037642943245156757,0.11821873262004923,0.035840357251015954,0.31034817272955506,0.1535948724749278,0.00031942248393421505,0.7847134363878858,0.2948141053382771,0.06926789224800682,0.023417330524793906,0.0007414082055852156,0.14730630667159994,0.06820706715631096,put_the_white_bowl_on_the_plate,42
132,0.04498925344117022,0.021059414160222938,0.0012878626589679862,0.12885473108228007,0.04317497441159474,0.29451518795035997,0.16192254978062784,0.0025656776794207217,0.9537690874037738,0.26892966787660455,0.07444077223620621,0.02662114309285472,0.0025109573204648338,0.166211980200355,0.07299148930980236,put_the_white_bowl_to_the_right_of_the_plate,44
123,0.04216839219153468,0.02074766135457592,0.00021682689555195807,0.13794539866685285,0.03972516137619397,0.3832466927380621,0.17792844605211416,0.000718493406279634,1.0069627127328646,0.36613165829715133,0.0804930614653409,0.02900993808233212,0.00042708965056328246,0.1669085087404814,0.07887280035866046,put_the_right_moka_pot_on_the_stove,41
126,0.043489122904892395,0.023399481230216762,0.000127829511835306,0.1351585363423359,0.03917577782469319,0.8772292390156757,0.5563824642178887,0.0009228189484186171,2.78846049797588,0.7704833068367888,0.13121204680645998,0.06673107472659348,0.0005979029250359684,0.38231130573144856,0.11827399173673733,turn_off_the_stove,42
102,0.04207880419993238,0.01852982909394155,5.565178268075984e-05,0.1056679642586852,0.04049831635801908,0.3145589936427416,0.14821774396041232,0.00028891101331581106,0.8431047525031358,0.3006797665376688,0.07353470356420654,0.025040441361435267,0.00022498261481035948,0.15083874801337832,0.0717154494797888,put_the_frying_pan_on_the_cabinet_shelf,34
120,0.04292314332633114,0.02299248391537515,0.00018368140550676631,0.14551380102236747,0.039221104526477216,0.3502495704353169,0.1760431382089792,0.002119194908100037,1.0383527427093406,0.3242270515509472,0.07794810036986283,0.02915656785973286,0.0007471447056571967,0.18357436997846616,0.0750293219735627,put_the_frying_pan_on_top_of_the_cabinet,40
135,0.03838144544894332,0.018295007644555397,0.00012680947613447695,0.12862033820621213,0.03638642520715829,0.29826816647138715,0.16210094191141242,0.0012602130852301437,1.002005959909655,0.26918205518536326,0.06820826209608204,0.024897715062542007,0.0008181450178937721,0.19828329160813335,0.06544332637821551,put_the_frying_pan_under_the_cabinet_shelf,45
135,0.040187026946922534,0.018801369873530774,3.218947467580181e-05,0.1228252564765289,0.03827822342347695,0.23519649859698014,0.14794153012697056,0.00038042948477962877,0.9336869688912944,0.20544384245273115,0.06370667680662057,0.02417145652330242,0.0003576048656983131,0.17416240061554594,0.06115854447580045,put_the_white_bowl_on_top_of_the_cabinet,45
111,0.0363191396605161,0.01539928896616945,0.000726699551286126,0.09436776612449686,0.03535184422801179,0.18574500547953113,0.14409239203122318,0.00036457733915010816,0.8330060233849111,0.13849430836608662,0.054893640208469215,0.020640334795907683,0.0012743383766534565,0.11769815153161187,0.05346613119937269,put_the_red_mug_on_the_left_plate,37
132,0.037231079550942764,0.020446578832994392,0.0006511946756280286,0.12311064135460591,0.03328769508664772,0.18098788692532966,0.10047744683479187,0.001011034218802295,0.5911593682536634,0.16615529191805703,0.05532986824347573,0.02360262137457589,0.0010817201678640822,0.14647782924358865,0.05140503375360169,put_the_red_mug_on_the_right_plate,44
135,0.04105157833920994,0.020272046818617433,0.0009237724173936495,0.11451818918399036,0.038012886512876945,0.10634434047958916,0.07795688359515857,0.0005451728726460753,0.5559141555942501,0.08716232666038966,0.051686012387168856,0.02339654980271435,0.0016614447578341012,0.14110496737112518,0.04795233594420309,put_the_white_mug_on_the_left_plate,45
144,0.03744546313709902,0.016467127929359338,3.1999086741468395e-06,0.09834111546379462,0.0363352795073438,0.2247538315846396,0.1412325486933539,0.0004096074890831713,0.9121633996185309,0.19809658133815441,0.05992084629556298,0.02156050957952737,4.416065758246397e-05,0.14630246172790273,0.058333459609737716,put_the_chocolate_pudding_to_the_left_of_the_plate,48
150,0.04086004800625401,0.018508958857006996,4.310833098890965e-05,0.10402752720116218,0.03900981629016511,0.16457470912667718,0.1096585628093135,0.00023257712764983854,0.7082261864996553,0.14157621606849427,0.05731751891892173,0.021614826678394438,0.00021308503351252062,0.1386128194528074,0.05564017211228984,put_the_chocolate_pudding_to_the_right_of_the_plate,50
138,0.036255216913140806,0.01678198944780443,0.00022503814269168293,0.11244102353588198,0.034403750203629936,0.16593260538913387,0.08755545684868289,0.00033842553892505665,0.46395701575409987,0.1524748940514544,0.05284847745205419,0.018677788779014968,0.0005995318013526347,0.12269920389882902,0.05188240498506878,put_the_red_mug_on_the_plate,46
132,0.03582913522089151,0.017714802619743092,0.0009399844131879786,0.10739876474611523,0.03347962909967531,0.3095785926882385,0.16932568508743245,0.0004378698752222301,1.0776168939506312,0.2926829609294779,0.06678699448971535,0.024532104778017406,0.0013646076673709422,0.16130716208936335,0.0651822942828297,put_the_white_mug_on_the_plate,44
